Brobdingnagian	huge; relating to or characteristic of the imaginary country of Brobdingnag
Demiurge	a subordinate deity, in some philosophies the creator of the universe
Doxy	a woman who cohabits with an important man
Epsilon	the 5th letter of the Greek alphabet
Garrulous	full of trivial conversation
Heterodoxy	any opinions or doctrines at variance with the official or orthodox position
Hottentot	any of the Khoisan languages spoken by the pastoral people of Namibia and South Africa
Martinique	an island in the eastern Caribbean in the Windward Islands; administered as an overseas region of France
Nijinsky	Russian dancer considered by many to be the greatest dancer of the 20th century (1890-1950)
Paracelsus	Swiss physician who introduced treatments of particular illnesses based on his observation and experience; he saw illness as having an external cause (rather than an imbalance of humors) and replaced traditional remedies with chemical remedies (1493-1541)
Plutocrat	someone who exercises power by virtue of wealth
Sidon	the main city of ancient Phoenicia
Tyre	a port in southern Lebanon on the Mediterranean Sea; formerly a major Phoenician seaport famous for silks
abetted	assist or encourage, usually in some wrongdoing
adjure	ask for or request earnestly
alacrity	liveliness and eagerness
anathema	a detested person
anthracite	a hard natural coal that burns slowly and gives intense heat
antinomy	a contradiction between two statements that seem equally reasonable
apostate	a disloyal person who betrays or deserts his cause or religion or political party or friend etc.
apotheosis	model of excellence or perfection of a kind; one having no equal
aquiline	curved down like an eagle's beak
arabesque	position in which the dancer has one leg raised behind and arms outstretched in a conventional pose
archaism	the use of an archaic expression
augurs	(ancient Rome) a religious official who interpreted omens to guide public policy
bedraggled	make wet and dirty, as from rain
bezels	a sloping edge on a cutting tool
bilious	relating to or containing bile
bivouac	temporary living quarters specially built by the army for soldiers
blarney	flattery designed to gain favor
bombilation	sound of rapid vibration
bourgeoisie	the social class between the lower and upper classes
buboes	a lymph node that is inflamed and swollen because of plague or gonorrhea or tuberculosis
bulimia	a disorder of eating seen among young women who go on eating binges and then feel guilt and depression and self-condemnation
cadger	someone who mooches or cadges (tries to get something free)
calcaneus	the largest tarsal bone; forms the human heel
calumny	a false accusation of an offense or a malicious misrepresentation of someone's words or actions
caprice	a sudden desire
cartouche	a cartridge (usually with paper casing)
catalytic	relating to or causing or involving catalysis
cavalierly	in a proud and domineering manner
cephalic	of or relating to the head
chiaroscuro	a monochrome picture made by using several different shades of the same color
clabber	raw milk that has soured and thickened
clew	a ball of yarn or cord or thread
coiffure	the arrangement of the hair (especially a woman's hair)
conflagration	a very intense and uncontrolled fire
conflagration	a very intense and uncontrolled fire
consanguineous	related by blood
contrite	feeling or expressing pain or sorrow for sins or offenses
convocation	a group gathered in response to a summons
cordon	a series of sentinels or of military posts enclosing or guarding some place or thing
corpuscles	(nontechnical usage) a tiny piece of anything
crepuscular	like twilight; dim
declarative	a mood (grammatically unmarked) that represents the act or state as an objective fact
demurely	in a demure manner
demurred	take exception to
dentitions	the eruption through the gums of baby teeth
diachronic	used of the study of a phenomenon (especially language) as it changes through time
dialectical	of or relating to or employing dialectic
dialectically	in a dialectic manner
disconsolate	sad beyond comforting; incapable of being consoled
ebullience	overflowing with eager enjoyment or approval
ensign	a person who holds a commissioned rank in the United States Navy or the United States Coast Guard; below lieutenant junior grade
entrained	board a train
episteme	the body of ideas that determine the knowledge that is intellectually certain at any particular time
epistemology	the philosophical theory of knowledge
erysipelas	an acute streptococcal infection characterized by deep-red inflammation of the skin and mucous membranes
eschar	a dry scab formed on the skin following a burn or cauterization of the skin
eschew	avoid and stay away from deliberately; stay clear of
esthete	one who professes great sensitivity to the beauty of art and nature
expectorate	clear out the chest and lungs
fatuous	devoid of intelligence
figuration	representing figuratively as by emblem or allegory
figurative	(used of the meanings of words or text) not literal; using figures of speech
filly	a young female horse under the age of four
flaxen	of hair color; pale yellowish to yellowish brown
flotsam	the floating wreckage of a ship
flounce	a strip of pleated material used as a decoration or a trim
flux	the rate of flow of energy or particles across a given surface
foxglove	any of several plants of the genus Digitalis
fracas	noisy quarrel
funereal	suited to or suggestive of a grave or burial
fusillade	rapid simultaneous discharge of firearms
garret	floor consisting of open space at the top of a house just below roof; often used for storage
gaunt	very thin especially from disease or hunger or cold
gingham	a clothing fabric in a plaid weave
haft	the handle of a weapon or tool
hegemony	the dominance or leadership of one social group or nation over others
historiography	a body of historical literature
hypoglossal	supplies intrinsic muscles of the tongue and other tongue muscles
imperious	having or showing arrogant superiority to and disdain of those one views as unworthy; ; ; ; ; ; ; - W.L.Shirer
indocile	of persons
ineffable	defying expression or description
inert	unable to move or resist motion
inexorable	not to be placated or appeased or moved by entreaty
insipid	lacking taste or flavor or tang
interdictions	authoritative prohibition
internecine	(of conflict) within a group or organization
jaunty	marked by up-to-dateness in dress and manners
leukoma	eye disease consisting of an opaque white spot on the cornea
limpid	clear and bright
listless	lacking zest or vivacity
lithe	moving and bending with ease
loam	a rich soil consisting of a mixture of sand and clay and decaying organic materials
locus	the scene of any event or action (especially the place of a meeting)
loquacious	full of trivial conversation
lunules	the crescent-shaped area at the base of the human fingernail
lurid	horrible in fierceness or savagery
madras	a state in southeastern India on the Bay of Bengal (south of Andhra Pradesh); formerly Madras
madrepore	corals having calcareous skeletons aggregations of which form reefs and islands
mendaciously	in a mendacious and untruthful manner
metonymic	using the name of one thing for that of another with which it is closely associated
miaows	the sound made by a cat (or any sound resembling this)
mirthless	lacking mirth
nimbus	a dark grey cloud bearing rain
noctiluca	large bioluminescent marine protozoan
obdurate	stubbornly persistent in wrongdoing
oblique	any grammatical case other than the nominative
obscurantism	a policy of opposition to enlightenment or the spread of knowledge
obtusely	in a stupid manner
obverse	the more conspicuous of two alternatives or cases or sides
onanist	a person who practices masturbation
oubliette	a dungeon with the only entrance or exit being a trap door in the ceiling
paradigmatic	of or relating to a grammatical paradigm
pathology	the branch of medical science that studies the causes and nature and effects of diseases
paucity	an insufficient quantity or number
pavane	music composed for dancing the pavane
perspicuous	(of language) transparently clear; easily understandable; ; ; - Robert Burton
perversity	deliberate and stubborn unruliness and resistance to guidance or discipline
petrifaction	the process of turning some plant material into stone by infiltration with water carrying mineral particles without changing the original shape
petulant	easily irritated or annoyed
phial	a small bottle that contains a drug (especially a sealed sterile container for injection by needle)
pirogue	a canoe made by hollowing out and shaping a large log
poltroons	an abject coward
pongo	type genus of the family Pongidae: orangutans
portiere	a heavy curtain hung across a doorway
prattle	idle or foolish and irrelevant talk
prestidigitation	manual dexterity in the execution of tricks
progenitor	an ancestor in the direct line
prolix	tediously prolonged or tending to speak or write at great length
propinquity	the property of being close together
propitiatory	having power to atone for or offered by way of expiation or propitiation
proscenium	the part of a modern theater stage between the curtain and the orchestra (i.e., in front of the curtain)
pugilist	someone who fights with his fists for sport
putrescible	liable to decay or spoil or become putrid
quicklime	a white crystalline oxide used in the production of calcium hydroxide
quirts	whip with a leather thong at the end
raconteur	a person skilled in telling anecdotes
raffish	marked by up-to-dateness in dress and manners
rejoinder	a quick reply to a question or remark (especially a witty or critical one)
repartee	adroitness and cleverness in reply
reprobate	a person without moral scruples
requited	make repayment for or return something
resorbed	undergo resorption
retinue	the group following and attending to some important person
rheum	a watery discharge from the mucous membranes (especially from the eyes or nose)
riffle	a small wave on the surface of a liquid
riven	tear or be torn violently
sahibs	formerly a term of respect for important white Europeans in colonial India; used after the name
sanguineous	accompanied by bloodshed
sanies	a fluid product of inflammation
sapodilla	large tropical American evergreen yielding chicle gum and edible fruit; sometimes placed in genus Achras
shoals	a sandbank in a stretch of water that is visible at low tide
sisal	a plant fiber used for making rope
slough	necrotic tissue; a mortified or gangrenous part or mass
soma	leafless East Indian vine; its sour milky juice formerly used to make an intoxicating drink
sovereignty	government free from external control
stave	(music) the system of five horizontal lines on which the musical notes are written
stelae	the usually cylindrical central vascular portion of the axis of a vascular plant
stele	the usually cylindrical central vascular portion of the axis of a vascular plant
strewing	the act of scattering
supernumerary	a person serving no apparent function
suppurating	cause to ripen and discharge pus
syzygy	the straight line configuration of 3 celestial bodies (as the sun and earth and moon) in a gravitational system
tawdry	tastelessly showy
tepid	moderately warm
throng	a large gathering of people
tocsin	the sound of an alarm (usually a bell)
torpid	slow and apathetic
tortuous	highly complex or intricate and occasionally devious; ; ; ; ; ; ; ; - Sir Walter Scott
tureen	large deep serving dish with a cover; for serving soups and stews
uncouth	lacking refinement or cultivation or taste
uvula	a small pendant fleshy lobe at the back of the soft palate
vagaries	an unexpected and inexplicable change in something (in a situation or a person's behavior, etc.)
vainglorious	feeling self-importance
verisimilitude	the appearance of truth; the quality of seeming to be true
vestiges	an indication that something has been present
vexed	cause annoyance in; disturb, especially by minor irritations
vichy	a town in central France (south of Paris) noted for hot mineral springs; was capital of the unoccupied part of France during World War II
virago	a noisy or scolding or domineering woman
whist	a card game for four players who form two partnerships; a pack of 52 cards is dealt and each side scores one point for each trick it takes in excess of six
